{
  "params": [
    11,
    2.9540010430168997,
    6.401406532152414,
    0.5768493894346649
  ],
  "method": "gp",
  "timestamp": 1764592868.0301044
}