{
  "sl_multiplier": 2.247876051240735,
  "tp_multiplier": 3.9142991746335287,
  "trail_multiplier": 2.5697844589924568,
  "channel_multi": 2.8330876319698697,
  "channel_length": 36,
  "atr_period": 26,
  "base_period": 10,
  "min_period": 9,
  "max_period": 13,
  "fast_period": 19,
  "slow_period": 30,
  "steepness": 2,
  "fast_steepness": 7,
  "slow_steepness": 5,
  "score": 3.8093097639090083
}