{
  "sl_multiplier": 4.040942283089586,
  "tp_multiplier": 4.255890781482989,
  "trail_multiplier": 2.0632234293667553,
  "channel_multi": 3.910962721875856,
  "channel_length": 39,
  "atr_period": 47,
  "base_period": 8,
  "min_period": 3,
  "max_period": 11,
  "fast_period": 5,
  "slow_period": 49,
  "steepness": 6,
  "fast_steepness": 8,
  "slow_steepness": 2,
  "median_length": 11,
  "score": 3.299288666517403
}