{
  "base_period": 19,
  "min_period": 3,
  "max_period": 22,
  "fast_period": 9,
  "slow_period": 41,
  "channel_length": 55,
  "channel_multi": 2.810902150037036,
  "atr_period": 16,
  "sl_multiplier": 3.4013408564483134,
  "tp_multiplier": 2.831066502694158,
  "trail_multiplier": 2.536854163156953,
  "steepness": 9,
  "fast_steepness": 9,
  "slow_steepness": 3,
  "score": 0.8634465797078197
}