{
  "base_period": 11,
  "min_period": 8,
  "max_period": 36,
  "fast_period": 19,
  "slow_period": 38,
  "channel_length": 180,
  "channel_multi": 4.13917943670852,
  "atr_period": 20,
  "sl_multiplier": 6.572459013456996,
  "tp_multiplier": 10.364754613364799,
  "trail_multiplier": 3.2796955630936995,
  "steepness": 17.923187592163547,
  "fast_steepness": 15.281126025068357,
  "slow_steepness": 6.464990239255899,
  "sigmoid_margin": 0.2306862171668645,
  "median_length": 23,
  "trim_percent": 0.12040266124062732,
  "use_replacement": true,
  "position_size_pct": 0.082861272335399,
  "score": -10.0
}