{
  "sl_multiplier": 2.8871848281644588,
  "tp_multiplier": 4.797875927881058,
  "trail_multiplier": 3.1562614600485768,
  "channel_multi": 2.5123850507149164,
  "channel_length": 67,
  "score": 2.776270495184231
}