{
  "base_period": 19,
  "min_period": 10,
  "max_period": 38,
  "fast_period": 7,
  "slow_period": 45,
  "channel_length": 28,
  "channel_multi": 2.032041366961001,
  "atr_period": 19,
  "sl_multiplier": 2.7946561769949634,
  "tp_multiplier": 4.415344295910619,
  "trail_multiplier": 2.3191452679498914,
  "steepness": 6,
  "fast_steepness": 2,
  "slow_steepness": 5,
  "score": 1.0233216975400343
}