{
  "base_period": 9,
  "min_period": 10,
  "max_period": 50,
  "fast_period": 20,
  "slow_period": 22,
  "channel_length": 73,
  "channel_multi": 1.2323344486727978,
  "atr_period": 18,
  "sl_multiplier": 5.207805082202461,
  "tp_multiplier": 9.080725777960454,
  "trail_multiplier": 1.0823379771832098,
  "steepness": 19.548647782429917,
  "fast_steepness": 17.48663961200633,
  "slow_steepness": 8.185086660174143,
  "sigmoid_margin": 0.05454749016213018,
  "median_length": 9,
  "trim_percent": 0.19127267288786132,
  "use_replacement": true,
  "position_size_pct": 0.0936843710297063,
  "score": -10.0
}