{
  "sl_multiplier": 3.1365615331966015,
  "tp_multiplier": 3.251330082880798,
  "trail_multiplier": 1.8762676032458658,
  "channel_multi": 2.1034937888118703,
  "channel_length": 38,
  "atr_period": 48,
  "score": 3.1118036734607606
}