{
  "min_period": 10,
  "max_period": 20,
  "fast_period": 6,
  "slow_period": 45,
  "channel_length": 40,
  "channel_multi": 2.4131789361693023,
  "atr_period": 16,
  "sl_multiplier": 2.1563030023127707,
  "tp_multiplier": 2.3619719849869867,
  "trail_multiplier": 2.054296164675617,
  "steepness": 6,
  "fast_steepness": 7,
  "slow_steepness": 4,
  "score": 0.8828441352337404
}