{
  "sl_multiplier": 3.467434998118378,
  "tp_multiplier": 3.7208042591919965,
  "trail_multiplier": 1.299523859054104,
  "channel_multi": 2.3348050421864084,
  "channel_length": 44,
  "score": 0.9009859515785683
}