{
  "base_period": 9,
  "min_period": 10,
  "max_period": 34,
  "fast_period": 11,
  "slow_period": 19,
  "channel_length": 65,
  "channel_multi": 1.1742508365045983,
  "atr_period": 23,
  "sl_multiplier": 3.6039025411012306,
  "tp_multiplier": 4.832290311184182,
  "trail_multiplier": 1.0617534828874073,
  "steepness": 20,
  "fast_steepness": 18,
  "slow_steepness": 8,
  "score": -10.0
}