{
  "sl_multiplier": 4.053147132045451,
  "tp_multiplier": 4.711934069155902,
  "trail_multiplier": 2.9929739240770323,
  "channel_multi": 2.490453424575644,
  "channel_length": 50,
  "atr_period": 25,
  "base_period": 12,
  "min_period": 3,
  "max_period": 14,
  "fast_period": 20,
  "slow_period": 46,
  "steepness": 9,
  "fast_steepness": 10,
  "slow_steepness": 5,
  "score": 3.082619462273706
}