{
  "sl_multiplier": 3.793815917289498,
  "tp_multiplier": 5.00916210345391,
  "trail_multiplier": 1.9952822680486282,
  "channel_multi": 2.008946714722781,
  "channel_length": 70,
  "score": 3.198731949643991
}