{
  "base_period": 19,
  "min_period": 4,
  "max_period": 40,
  "fast_period": 2,
  "slow_period": 45,
  "channel_length": 36,
  "channel_multi": 2.129655136703568,
  "atr_period": 20,
  "sl_multiplier": 3.073477440098905,
  "tp_multiplier": 4.2833694075916116,
  "trail_multiplier": 2.9951212933007314,
  "steepness": 2,
  "fast_steepness": 7,
  "slow_steepness": 4,
  "score": 1.007800643275048
}