{
  "base_period": 8,
  "min_period": 6,
  "max_period": 37,
  "fast_period": 11,
  "slow_period": 26,
  "channel_length": 86,
  "channel_multi": 2.5580836121681996,
  "atr_period": 19,
  "sl_multiplier": 4.101115011743209,
  "tp_multiplier": 6.062108866694068,
  "trail_multiplier": 2.041168988591605,
  "steepness": 12,
  "fast_steepness": 12,
  "slow_steepness": 6,
  "score": -10.0
}