{
  "sl_multiplier": 2.9394581018249744,
  "tp_multiplier": 3.8313114947493156,
  "trail_multiplier": 2.845960663073539,
  "channel_multi": 3.977998774662245,
  "channel_length": 39,
  "atr_period": 14,
  "base_period": 11,
  "min_period": 4,
  "max_period": 14,
  "fast_period": 5,
  "slow_period": 31,
  "steepness": 8,
  "fast_steepness": 10,
  "slow_steepness": 2,
  "sigmoid_margin": 0.19272324956478804,
  "median_length": 12,
  "trim_percent": 0.24855617718643253,
  "score": 3.2060063440607554
}