{
  "sl_multiplier": 4.36978838724288,
  "tp_multiplier": 3.130432575697048,
  "trail_multiplier": 2.7490927375419787,
  "channel_multi": 2.4089819674195403,
  "channel_length": 69,
  "score": 3.4066782397143367
}