{
  "channel_length": 46,
  "channel_multi": 2.5183901810364437,
  "score": 0.8754952628707738
}