{
  "base_period": 14,
  "min_period": 8,
  "max_period": 32,
  "fast_period": 5,
  "slow_period": 11,
  "channel_length": 47,
  "channel_multi": 1.2580836121681995,
  "sl_multiplier": 2.3260289895074155,
  "score": -10.0
}