{
  "min_period": 3,
  "max_period": 22,
  "channel_length": 56,
  "channel_multi": 1.6105931284056412,
  "atr_period": 25,
  "sl_multiplier": 2.0128144806088457,
  "tp_multiplier": 4.854734773519992,
  "trail_multiplier": 1.738970546580662,
  "score": 0.8519313552345742
}