{
  "base_period": 10,
  "min_period": 8,
  "max_period": 20,
  "fast_period": 16,
  "slow_period": 15,
  "channel_length": 173,
  "channel_multi": 2.69622978765356,
  "atr_period": 17,
  "sl_multiplier": 1.6065202909782879,
  "tp_multiplier": 6.215186253406782,
  "trail_multiplier": 3.6277142173467,
  "steepness": 14.306819524734088,
  "fast_steepness": 19.855631141250115,
  "slow_steepness": 18.91878763631201,
  "sigmoid_margin": 0.02410097569918046,
  "median_length": 27,
  "trim_percent": 0.3324904206952528,
  "use_replacement": true,
  "position_size_pct": 0.092013051712535,
  "score": -10.0
}