{
  "sl_multiplier": 3.229560973801874,
  "tp_multiplier": 3.203272335394265,
  "trail_multiplier": 2.235468185202766,
  "channel_multi": 2.083817097101299,
  "channel_length": 44,
  "atr_period": 12,
  "base_period": 9,
  "min_period": 3,
  "max_period": 12,
  "fast_period": 17,
  "slow_period": 43,
  "steepness": 8,
  "fast_steepness": 6,
  "slow_steepness": 5,
  "score": 2.7226735703114193
}