{
  "base_period": 19,
  "min_period": 9,
  "max_period": 39,
  "fast_period": 5,
  "slow_period": 45,
  "channel_length": 43,
  "channel_multi": 1.8487601528881294,
  "atr_period": 19,
  "sl_multiplier": 2.0266381354432825,
  "tp_multiplier": 2.8766063762417784,
  "trail_multiplier": 1.4639225628855534,
  "steepness": 8,
  "fast_steepness": 5,
  "slow_steepness": 4,
  "score": 1.0205168920186196
}