{
  "sl_multiplier": 3.598471675543392,
  "tp_multiplier": 3.513014618963619,
  "trail_multiplier": 2.5729579559187408,
  "channel_multi": 2.011227384882832,
  "channel_length": 36,
  "atr_period": 21,
  "base_period": 9,
  "min_period": 6,
  "max_period": 11,
  "fast_period": 7,
  "slow_period": 30,
  "steepness": 2,
  "fast_steepness": 9,
  "slow_steepness": 5,
  "score": 3.2654076429932695
}