{
  "sl_multiplier": 2.63281708818021,
  "tp_multiplier": 4.536417067227591,
  "trail_multiplier": 1.535266257770622,
  "channel_multi": 3.7014273283584176,
  "channel_length": 61,
  "score": 2.2977190381917927
}