{
  "basePeriod": 10,
  "minPeriod": 6,
  "maxPeriod": 37,
  "fastPeriod": 11,
  "slowPeriod": 30,
  "channelLength": 86,
  "channelMulti": 3.0290418060841,
  "atrPeriod": 20,
  "slMultiplier": 4.101115011743209,
  "tpMultiplier": 5.708072577796045,
  "trailMultiplier": 2.530876741443704,
  "steepness": 11.879639408647977,
  "fast_steepness": 11.664885281600844,
  "slow_steepness": 6.424678221356553,
  "score": -10.0
}