{
  "sl_multiplier": 2.5262643503365596,
  "tp_multiplier": 3.059666542767009,
  "trail_multiplier": 2.9583339572248146,
  "channel_multi": 3.1434038038530407,
  "channel_length": 39,
  "atr_period": 18,
  "sigmoid_margin": 0.26094951861649074,
  "trim_percent": 0.03890313395051366,
  "score": 3.358581508345467
}