{
  "base_period": 15,
  "min_period": 3,
  "max_period": 21,
  "fast_period": 6,
  "slow_period": 43,
  "channel_length": 31,
  "channel_multi": 2.776738733839063,
  "atr_period": 18,
  "sl_multiplier": 3.602410728493316,
  "tp_multiplier": 4.627680265899935,
  "trail_multiplier": 2.883511093116259,
  "steepness": 4,
  "fast_steepness": 10,
  "slow_steepness": 3,
  "score": 0.8539973314409689
}