{
  "sl_multiplier": 2.887806467720196,
  "tp_multiplier": 4.137408654726959,
  "trail_multiplier": 2.2230564249062015,
  "channel_multi": 2.55655986663767,
  "channel_length": 72,
  "atr_period": 21,
  "base_period": 11,
  "min_period": 3,
  "max_period": 15,
  "fast_period": 16,
  "slow_period": 49,
  "steepness": 7,
  "fast_steepness": 6,
  "slow_steepness": 5,
  "score": 3.2475869737566985
}