{
  "sl_multiplier": 3.584572527734471,
  "tp_multiplier": 5.75395765798825,
  "trail_multiplier": 1.6135716240006122,
  "channel_multi": 2.322458997787249,
  "channel_length": 38,
  "atr_period": 18,
  "score": 3.1277117468839757
}