{
  "sigmoid_margin": 0.11236203565420874,
  "trim_percent": 0.2852142919229748,
  "score": 2.7288296727917216
}