{
  "best_value": 3.3001585604916355,
  "best_params": {
    "sl_multiplier": 4.427167284881758,
    "tp_multiplier": 3.9151794114572134,
    "trail_multiplier": 2.0878878243516907,
    "channel_multi": 3.0765204057878437,
    "channel_length": 38,
    "atr_period": 21,
    "base_period": 6,
    "min_period": 3,
    "max_period": 13,
    "fast_period": 13,
    "slow_period": 37,
    "steepness": 4,
    "fast_steepness": 7,
    "slow_steepness": 5,
    "sigmoid_margin": 0.16474225227792502,
    "median_length": 14,
    "trim_percent": 0.10146926278629938
  },
  "n_trials": 2000,
  "completed_trials": 2000,
  "pruned_trials": 0,
  "failed_trials": 0
}