{
  "best_value": -10.0,
  "best_params": {
    "base_period": 10,
    "min_period": 6,
    "max_period": 37,
    "fast_period": 11,
    "slow_period": 30,
    "channel_length": 86,
    "channel_multi": 3.0290418060841,
    "atr_period": 20,
    "sl_multiplier": 4.101115011743209,
    "tp_multiplier": 5.708072577796045,
    "trail_multiplier": 2.530876741443704,
    "steepness": 11.879639408647977,
    "fast_steepness": 11.664885281600844,
    "slow_steepness": 6.424678221356553
  },
  "n_trials": 3,
  "completed_trials": 3,
  "pruned_trials": 0,
  "failed_trials": 0
}