{
  "best_value": 2.776270495184231,
  "best_params": {
    "sl_multiplier": 2.8871848281644588,
    "tp_multiplier": 4.797875927881058,
    "trail_multiplier": 3.1562614600485768,
    "channel_multi": 2.5123850507149164,
    "channel_length": 67
  },
  "n_trials": 500,
  "completed_trials": 500,
  "pruned_trials": 0,
  "failed_trials": 0
}