{
  "best_value": -10.0,
  "best_params": {
    "basePeriod": 10,
    "minPeriod": 6,
    "maxPeriod": 37,
    "fastPeriod": 11,
    "slowPeriod": 30,
    "channelLength": 86,
    "channelMulti": 3.0290418060841,
    "atrPeriod": 20,
    "slMultiplier": 4.101115011743209,
    "tpMultiplier": 5.708072577796045,
    "trailMultiplier": 2.530876741443704,
    "steepness": 11.879639408647977,
    "fast_steepness": 11.664885281600844,
    "slow_steepness": 6.424678221356553
  },
  "n_trials": 3,
  "completed_trials": 3,
  "pruned_trials": 0,
  "failed_trials": 0
}