{
  "best_value": 0.879259956201426,
  "best_params": {
    "min_period": 5,
    "max_period": 21,
    "channel_length": 42,
    "channel_multi": 2.6372586868619834,
    "atr_period": 14,
    "sl_multiplier": 2.3009797903667755,
    "tp_multiplier": 4.754303706056821,
    "trail_multiplier": 1.6867403877199036
  },
  "n_trials": 200,
  "completed_trials": 200,
  "pruned_trials": 0,
  "failed_trials": 0
}