{
  "best_value": -10.0,
  "best_params": {
    "base_period": 4,
    "min_period": 6,
    "max_period": 27,
    "fast_period": 5,
    "slow_period": 28,
    "channel_length": 73,
    "channel_multi": 1.1871329767363625,
    "atr_period": 18,
    "sl_multiplier": 1.4138896860026544,
    "tp_multiplier": 6.099417369178787,
    "trail_multiplier": 3.791505882108087,
    "steepness": 17.752057205949058,
    "fast_steepness": 16.95800664396708,
    "slow_steepness": 5.303064390281035,
    "sigmoid_margin": 0.14977406204652166,
    "median_length": 13,
    "trim_percent": 0.22514370961831112,
    "use_replacement": false,
    "position_size_pct": 0.12973155564591854
  },
  "n_trials": 3,
  "completed_trials": 3,
  "pruned_trials": 0,
  "failed_trials": 0
}