{
  "best_value": 3.3001585604916355,
  "best_params": {
    "sl_multiplier": 2.3900466011060915,
    "tp_multiplier": 3.467983561008608,
    "trail_multiplier": 1.6452090304204987,
    "channel_multi": 3.73235229154987
  },
  "n_trials": 2000,
  "completed_trials": 2000,
  "pruned_trials": 0,
  "failed_trials": 0
}