{
  "best_value": 1.148893013823027,
  "best_params": {
    "sl_multiplier": 2.9164073646289697,
    "tp_multiplier": 4.640511962670424,
    "trail_multiplier": 3.412696284245461,
    "channel_multi": 3.027460335632769,
    "channel_length": 70
  },
  "n_trials": 500,
  "completed_trials": 500,
  "pruned_trials": 0,
  "failed_trials": 0
}