{
  "best_value": -10.0,
  "best_params": {
    "base_period": 9,
    "min_period": 10,
    "max_period": 35,
    "fast_period": 11,
    "slow_period": 23,
    "channel_length": 65,
    "channel_multi": 1.1742508365045983,
    "atr_period": 23,
    "sl_multiplier": 4.005575058716044,
    "tp_multiplier": 5.956508044572319,
    "trail_multiplier": 1.0823379771832098,
    "steepness": 14.57873793026792,
    "fast_steepness": 13.324426408004218,
    "slow_steepness": 6.061695553391381
  },
  "n_trials": 3,
  "completed_trials": 3,
  "pruned_trials": 0,
  "failed_trials": 0
}