{
  "best_value": 3.2803650392338337,
  "best_params": {
    "sl_multiplier": 2.596537462732656,
    "tp_multiplier": 4.709090153762261,
    "trail_multiplier": 2.063265652880137,
    "channel_multi": 2.032410078963771,
    "channel_length": 34,
    "atr_period": 48,
    "base_period": 5,
    "min_period": 3,
    "max_period": 14,
    "fast_period": 3,
    "slow_period": 36,
    "steepness": 2,
    "fast_steepness": 7,
    "slow_steepness": 4,
    "median_length": 11,
    "sigmoid_margin": 0.04913206841174442,
    "trim_percent": 0.24108050993723168
  },
  "n_trials": 2000,
  "completed_trials": 2000,
  "pruned_trials": 0,
  "failed_trials": 0
}